<?xml version="1.0" encoding="UTF-8"?>
<metadata xml:lang="en"><Esri><CreaDate>20180227</CreaDate><CreaTime>12532800</CreaTime><ArcGISFormat>1.0</ArcGISFormat><SyncOnce>TRUE</SyncOnce><DataProperties><lineage><Process ToolSource="c:\program files (x86)\arcgis\desktop10.0\ArcToolbox\Toolboxes\Data Management Tools.tbx\CreateFeatureclass" Date="20171213" Time="155424">CreateFeatureclass "D:\danie\Documents\Leica Geosystems\Zeno Office\Projects\no_photos_points.gdb" POINTS POINT 'D:\danie\Documents\Leica Geosystems\David-sampleData\Nophotospoints.shp' DISABLED DISABLED "{B286C06B-0879-11D2-AACA-00C04FA33C20};-450359962737.05 -450359962737.05 10000;#;#;0.001;#;#;IsHighPrecision" # 0 0 0</Process></lineage></DataProperties></Esri></metadata>
